URL,Last crawled,Edition
https://mx.investing.com/pro/ideas/gpi-capital-l-p,2022-11-09,MX
https://ru.investing.com/pro/ideas/wrapmanager/,2022-11-09,RU
https://mx.investing.com/pro/ideas/sandler-capital-management,2022-11-09,MX
https://ru.investing.com/pro/ideas/green-alpha-advisors-llc,2022-11-09,RU
https://ru.investing.com/pro/ideas/nut-tree-capital-management/,2022-11-09,RU
https://kr.investing.com/pro/ideas/north-star-asset-management/,2022-11-09,KR
https://kr.investing.com/pro/ideas/bosvalen-asset-management-ltd/,2022-11-09,KR
https://hk.investing.com/pro/ideas/st-germain-d-j-co-inc/,2022-11-09,HK
https://kr.investing.com/pro/ideas/moser-wealth-advisors/,2022-11-09,KR
https://kr.investing.com/pro/ideas/guild-investment-management/,2022-11-09,KR
https://kr.investing.com/pro/ideas/reik-co/,2022-11-09,KR
https://hk.investing.com/pro/ideas/cornerstone-wealth-management-llc,2022-11-09,HK
https://mx.investing.com/pro/ideas/wambolt-associates/,2022-11-09,MX
https://mx.investing.com/pro/ideas/galibier-capital-management-ltd/,2022-11-09,MX
https://mx.investing.com/pro/ideas/browning-west-lp/,2022-11-09,MX
https://mx.investing.com/pro/ideas/northwest-asset-management/,2022-11-09,MX
https://mx.investing.com/pro/ideas/proem-advisors-llc/,2022-11-09,MX
https://mx.investing.com/pro/ideas/swisspartners-advisors-ltd/,2022-11-09,MX
https://mx.investing.com/pro/ideas/lion-street-advisors/,2022-11-09,MX
https://mx.investing.com/pro/ideas/addison-advisors-llc/,2022-11-09,MX
https://mx.investing.com/pro/ideas/enervest-ltd/,2022-11-09,MX
https://mx.investing.com/pro/ideas/benedict-financial-advisors/,2022-11-09,MX
https://mx.investing.com/pro/ideas/altfest-l-j-co-inc/,2022-11-09,MX
https://mx.investing.com/pro/ideas/oceanlink-management-ltd/,2022-11-09,MX
https://hk.investing.com/pro/ideas/page/119/,2022-11-08,HK
https://kr.investing.com/pro/ideas/dorsey-wright-associates/,2022-11-08,KR
https://kr.investing.com/pro/ideas/colrain-capital/,2022-11-08,KR
https://kr.investing.com/pro/ideas/wealth-advisors-of-iowa-llc/,2022-11-08,KR
https://mx.investing.com/pro/ideas/b-d-white-capital-company-llc/,2022-11-08,MX
https://mx.investing.com/pro/ideas/shay-capital-llc/,2022-11-08,MX
https://mx.investing.com/pro/ideas/david-j-yvars-group/,2022-11-08,MX
https://mx.investing.com/pro/ideas/chiron-capital-management-llc/,2022-11-08,MX
https://mx.investing.com/pro/ideas/kfa-private-wealth-group/,2022-11-08,MX
https://mx.investing.com/pro/ideas/trybe-capital-management-lp/,2022-11-08,MX
https://cn.investing.com/pro/ideas/cohen-steers-inc/,2022-11-08,CN
https://mx.investing.com/pro/ideas/garrison-point-advisors/,2022-11-08,MX
https://mx.investing.com/pro/ideas/cumberland-partners-ltd/,2022-11-08,MX
https://hk.investing.com/pro/ideas/baillie-gifford-co/,2022-11-08,HK
https://mx.investing.com/pro/ideas/lfa-lugano-financial-advisors-sa/,2022-11-08,MX
https://mx.investing.com/pro/ideas/mckinley-carter-wealth-services/,2022-11-08,MX
https://mx.investing.com/pro/ideas/sanctuary-wealth-management/,2022-11-08,MX
https://mx.investing.com/pro/ideas/mondrian-capital-management/,2022-11-08,MX
https://mx.investing.com/pro/ideas/axs-investments-llc/,2022-11-08,MX
https://mx.investing.com/pro/ideas/bray-capital-advisors/,2022-11-08,MX
https://mx.investing.com/pro/ideas/mesirow-financial-investment-management-equity-fixed-income/,2022-11-08,MX
https://mx.investing.com/pro/ideas/oneascent-wealth-management-llc/,2022-11-08,MX
https://mx.investing.com/pro/ideas/corda-investment-management/,2022-11-08,MX
https://mx.investing.com/pro/ideas/emerald-advisors,2022-11-08,MX
https://mx.investing.com/pro/ideas/investment-management-associates-inc-adv/,2022-11-08,MX
https://mx.investing.com/pro/ideas/legacy-capital-wealth-partners-llc/,2022-11-08,MX
https://mx.investing.com/pro/ideas/maple-brown-abbott/,2022-11-08,MX
https://mx.investing.com/pro/ideas/octagon-capital-advisors-lp/,2022-11-08,MX
https://mx.investing.com/pro/ideas/veery-capital-llc/,2022-11-08,MX
https://mx.investing.com/pro/ideas/lbj-family-wealth-advisors-ltd/,2022-11-08,MX
https://mx.investing.com/pro/ideas/siguler-guff-advisers-llc/,2022-11-08,MX
https://mx.investing.com/pro/ideas/matrix-asset-advisors/,2022-11-08,MX
https://mx.investing.com/pro/ideas/sowa-financial-group-inc/,2022-11-08,MX
https://mx.investing.com/pro/ideas/menlo-advisors/,2022-11-08,MX
https://mx.investing.com/pro/ideas/murchinson-ltd/,2022-11-08,MX
https://mx.investing.com/pro/ideas/howard-capital-management-inc,2022-11-08,MX
https://mx.investing.com/pro/ideas/reitz-capital-advisors/,2022-11-08,MX
https://mx.investing.com/pro/ideas/greenwood-capital-associates/,2022-11-08,MX
https://mx.investing.com/pro/ideas/page/137/,2022-11-08,MX
https://mx.investing.com/pro/ideas/hudson-portfolio-management-llc/,2022-11-08,MX
https://hk.investing.com/pro/ideas/new-england-professional-planning-group/,2022-11-08,HK
https://de.investing.com/pro/ideas/corundum-group-inc/,2022-11-08,DE
https://cn.investing.com/pro/ideas/corundum-group-inc/,2022-11-08,CN
https://ru.investing.com/pro/ideas/transform-wealth-llc/,2022-11-08,RU
https://cn.investing.com/pro/ideas/kontiki-capital-management-hk-ltd/,2022-11-08,CN
https://mx.investing.com/pro/ideas/rowland-co-investment-counsel-adv/,2022-11-08,MX
https://mx.investing.com/pro/ideas/pacifica-capital-investments/,2022-11-08,MX
https://mx.investing.com/pro/ideas/asiavest-partners/,2022-11-08,MX
https://mx.investing.com/pro/ideas/corundum-group-inc/,2022-11-08,MX
https://hk.investing.com/pro/ideas/barr-e-s-co/,2022-11-08,HK
https://it.investing.com/pro/ideas/kiron-capital-gestao-de-recursos-ltda/,2022-11-08,IT
https://it.investing.com/pro/ideas/angelo-gordon-co-l-p/,2022-11-08,IT
https://it.investing.com/pro/ideas/r-p-boggs-co/,2022-11-08,IT
https://it.investing.com/pro/ideas/rudius-management-lp/,2022-11-08,IT
https://it.investing.com/pro/ideas/avoro-capital-advisors-llc/,2022-11-08,IT
https://it.investing.com/pro/ideas/greenhouse-funds-lllp/,2022-11-08,IT
https://it.investing.com/pro/ideas/minerva-advisors/,2022-11-08,IT
https://it.investing.com/pro/ideas/yu-fan,2022-11-08,IT
https://it.investing.com/pro/ideas/fagan-associates/,2022-11-08,IT
https://it.investing.com/pro/ideas/kesler-norman-wride-llc/,2022-11-08,IT
https://it.investing.com/pro/ideas/pelham-capital-ltd/,2022-11-08,IT
https://it.investing.com/pro/ideas/perseverance-asset-management-international,2022-11-08,IT
https://it.investing.com/pro/ideas/vitol-holding-b-v,2022-11-08,IT
https://it.investing.com/pro/ideas/charles-lim-capital-ltd/,2022-11-08,IT
https://it.investing.com/pro/ideas/occidental-asset-management/,2022-11-08,IT
https://ru.investing.com/pro/ideas/waypoint-wealth-partners-inc/,2022-11-08,RU
https://hk.investing.com/pro/ideas/fulton-bank-na/,2022-11-08,HK
https://fr.investing.com/pro/ideas/bay-colony-advisory-group-inc-d-b-a-bay-colony-advisors/,2022-11-08,FR
https://hk.investing.com/pro/ideas/pelham-capital-ltd/,2022-11-08,HK
https://hk.investing.com/pro/ideas/tree-line-advisors-hong-kong-ltd/,2022-11-08,HK
https://tr.investing.com/pro/ideas/atlas-private-wealth-management,2022-11-08,TR
https://hk.investing.com/pro/ideas/page/138,2022-11-08,HK
https://it.investing.com/pro/ideas/page/18/,2022-11-08,IT
https://mx.investing.com/pro/ideas/regent-investment-management,2022-11-08,MX
https://hk.investing.com/pro/ideas/twin-lakes-capital-management-llc/,2022-11-08,HK
https://mx.investing.com/pro/ideas/noesis-capital-mangement-corp,2022-11-08,MX
https://tr.investing.com/pro/ideas/elwood-goetz-wealth-advisory-group,2022-11-08,TR
https://hk.investing.com/pro/ideas/bellwether-advisors-llc/,2022-11-08,HK
https://tr.investing.com/pro/ideas/bontempo-ohly-capital-mgmt-llc/,2022-11-08,TR
https://it.investing.com/pro/ideas/vaughan-nelson-investment-management-l-p/,2022-11-08,IT
https://it.investing.com/pro/ideas/hm-capital-management/,2022-11-08,IT
https://mx.investing.com/pro/ideas/community-capital-management-llc,2022-11-08,MX
https://tr.investing.com/pro/ideas/true-link-financial-advisors-llc/,2022-11-08,TR
https://it.investing.com/pro/ideas/kistler-tiffany-advisors,2022-11-08,IT
https://ru.investing.com/pro/ideas/bok-financial-private-wealth-inc/,2022-11-08,RU
https://in.investing.com/pro/ideas/bardin-hill-management-partners-lp/,2022-11-08,IN
https://mx.investing.com/pro/ideas/farmers-merchants-trust-company-of-long-beach,2022-11-08,MX
https://mx.investing.com/pro/ideas/robecosam-ag,2022-11-08,MX
https://mx.investing.com/pro/ideas/oxler-private-wealth-llc,2022-11-08,MX
https://fr.investing.com/pro/ideas/baillie-gifford-co/,2022-11-08,FR
https://mx.investing.com/pro/ideas/vantage-financial-partners-ltd-inc,2022-11-08,MX
https://mx.investing.com/pro/ideas/ebor-charitable-trust,2022-11-08,MX
https://mx.investing.com/pro/ideas/enstar-group-ltd,2022-11-08,MX
https://mx.investing.com/pro/ideas/palisades-hudson-asset-management,2022-11-08,MX
https://tr.investing.com/pro/ideas/artisan-partners-limited-partnership,2022-11-08,TR
https://mx.investing.com/pro/ideas/new-silk-road-investment-pte-ltd,2022-11-08,MX
https://mx.investing.com/pro/ideas/vr-advisory-services-ltd,2022-11-08,MX
https://mx.investing.com/pro/ideas/abg-wtt-global-life-science-capital-partners-gp-ltd,2022-11-08,MX
https://it.investing.com/pro/ideas/wilkinson-global-asset-management-llc,2022-11-08,IT
https://it.investing.com/pro/ideas/greenvale-capital-llp,2022-11-08,IT
https://it.investing.com/pro/ideas/augustine-asset-management,2022-11-08,IT
https://it.investing.com/pro/ideas/bok-financial-private-wealth-inc/,2022-11-08,IT
https://mx.investing.com/pro/ideas/royal-london-asset-management-ltd,2022-11-08,MX
https://it.investing.com/pro/ideas/bank-of-finland/,2022-11-08,IT
https://ru.investing.com/pro/ideas/truxt-investmentos-ltda,2022-11-08,RU
https://mx.investing.com/pro/ideas/madison-international-realty-holdings,2022-11-08,MX
https://tr.investing.com/pro/ideas/wealth-architects/,2022-11-08,TR
https://mx.investing.com/pro/ideas/keating-investment-counselors,2022-11-08,MX
https://mx.investing.com/pro/ideas/high-note-wealth-llc,2022-11-08,MX
https://tr.investing.com/pro/ideas/crumly-associates/,2022-11-08,TR
https://mx.investing.com/pro/ideas/page/101,2022-11-08,MX
https://hk.investing.com/pro/ideas/sanchez-wealth-management-group/,2022-11-08,HK
https://it.investing.com/pro/ideas/vantage-consulting-group-inc/,2022-11-08,IT
https://it.investing.com/pro/ideas/cim-investment-management-inc/,2022-11-08,IT
https://it.investing.com/pro/ideas/epiq-capital-group-llc/,2022-11-08,IT
https://it.investing.com/pro/ideas/bardin-hill-management-partners-lp/,2022-11-08,IT
https://it.investing.com/pro/ideas/wells-financial-advisors-inc/,2022-11-08,IT
https://it.investing.com/pro/ideas/arctis-global-llc/,2022-11-08,IT
https://it.investing.com/pro/ideas/baker-avenue-asset-management-lp/,2022-11-08,IT
https://it.investing.com/pro/ideas/i-g-y-ltd/,2022-11-08,IT
https://uk.investing.com/pro/ideas/reliant-investment-management,2022-11-08,UK
https://it.investing.com/pro/ideas/arete-wealth-advisors-llc/,2022-11-08,IT
https://it.investing.com/pro/ideas/sw-investment-management-llc/,2022-11-08,IT
https://it.investing.com/pro/ideas/semmax-financial-advisors/,2022-11-08,IT
https://it.investing.com/pro/ideas/bluespruce-investments-lp/,2022-11-08,IT
https://mx.investing.com/pro/ideas/thompson-investment-management,2022-11-08,MX
https://mx.investing.com/pro/ideas/dedora-capital,2022-11-08,MX
https://mx.investing.com/pro/ideas/woodstock-corporation,2022-11-08,MX
https://mx.investing.com/pro/ideas/corsair-capital-management,2022-11-08,MX
https://mx.investing.com/pro/ideas/nan-shan-life-insurance-company-ltd,2022-11-08,MX
https://mx.investing.com/pro/ideas/aju-ib-investment-co-ltd,2022-11-08,MX
https://mx.investing.com/pro/ideas/perella-weinberg-partners-capital-management,2022-11-08,MX
https://mx.investing.com/pro/ideas/lfl-advisers,2022-11-08,MX
https://mx.investing.com/pro/ideas/bnp-paribas-asset-management-holding-sa,2022-11-08,MX
https://mx.investing.com/pro/ideas/global-frontier-investments-llc,2022-11-08,MX
https://mx.investing.com/pro/ideas/drw-securities,2022-11-08,MX
https://mx.investing.com/pro/ideas/teza-capital-management,2022-11-08,MX
https://mx.investing.com/pro/ideas/sol-capital-management-co,2022-11-08,MX
https://mx.investing.com/pro/ideas/indaba-capital-management,2022-11-08,MX
https://mx.investing.com/pro/ideas/elwood-goetz-wealth-advisory-group,2022-11-08,MX
https://tr.investing.com/pro/ideas/west-family-investments-inc,2022-11-08,TR
https://mx.investing.com/pro/ideas/pelham-global-financials-ltd,2022-11-08,MX
https://tr.investing.com/pro/ideas/joseph-p-lucia-associates/,2022-11-08,TR
https://tr.investing.com/pro/ideas/rivervest-venture-management-llc/,2022-11-08,TR
https://tr.investing.com/pro/ideas/bayberry-capital-partners,2022-11-08,TR
https://tr.investing.com/pro/ideas/oldfather-financial-services/,2022-11-08,TR
https://mx.investing.com/pro/ideas/brown-financial-advisory,2022-11-08,MX
https://mx.investing.com/pro/ideas/oxford-financial-group-ltd,2022-11-08,MX
https://tr.investing.com/pro/ideas/washington-university/,2022-11-08,TR
https://tr.investing.com/pro/ideas/ponoi-ii-management-llc/,2022-11-08,TR
https://ru.investing.com/pro/ideas/mountain-lake-investment-management,2022-11-08,RU
https://mx.investing.com/pro/ideas/black-swift-group-llc,2022-11-08,MX
https://mx.investing.com/pro/ideas/key-colony-management,2022-11-08,MX
https://ru.investing.com/pro/ideas/brookfield-asset-management-inc/,2022-11-08,RU
https://fr.investing.com/pro/ideas/boston-research-management-inc/,2022-11-08,FR
https://hk.investing.com/pro/ideas/atria-investments-llc/,2022-11-08,HK
https://tr.investing.com/pro/ideas/applied-fundamental-research-llc/,2022-11-08,TR
https://mx.investing.com/pro/ideas/tranquilli-financial-advisor-llc,2022-11-08,MX
https://tr.investing.com/pro/ideas/bullseye-asset-management,2022-11-08,TR
https://tr.investing.com/pro/ideas/kadensa-capital-ltd/,2022-11-08,TR
https://hk.investing.com/pro/ideas/regency-capital-management-inc-de/,2022-11-08,HK
https://hk.investing.com/pro/ideas/private-harbour-investment-management-counsel,2022-11-08,HK
https://tr.investing.com/pro/ideas/monetta-financial-services,2022-11-08,TR
https://mx.investing.com/pro/ideas/highland-private-wealth-management,2022-11-08,MX
https://mx.investing.com/pro/ideas/page/75,2022-11-08,MX
https://mx.investing.com/pro/ideas/page/122,2022-11-08,MX
https://mx.investing.com/pro/ideas/fukoku-mutual-life-insurance-company,2022-11-08,MX
https://mx.investing.com/pro/ideas/axiom-asset-management,2022-11-08,MX
https://it.investing.com/pro/ideas/waypoint-wealth-partners-inc,2022-11-08,IT
https://hk.investing.com/pro/ideas/ta-associates-l-p/,2022-11-08,HK
https://mx.investing.com/pro/ideas/johnson-bixby-associates-llc,2022-11-08,MX
https://tr.investing.com/pro/ideas/greenhaven-road-investment-management/,2022-11-08,TR
https://mx.investing.com/pro/ideas/accel-growth-fund-iv-associates,2022-11-08,MX
https://mx.investing.com/pro/ideas/knightsbridge-asset-management,2022-11-08,MX
https://tr.investing.com/pro/ideas/scott-investment-partners-llp/,2022-11-08,TR
https://tr.investing.com/pro/ideas/adirondack-retirement-specialists-inc,2022-11-08,TR
https://hk.investing.com/pro/ideas/nvwm-llc/,2022-11-08,HK
https://tr.investing.com/pro/ideas/cardinal-capital-management,2022-11-08,TR
https://hk.investing.com/pro/ideas/cim-investment-management-inc/,2022-11-08,HK
https://fr.investing.com/pro/ideas/avoro-capital-advisors-llc/,2022-11-08,FR
https://mx.investing.com/pro/ideas/u-s-capital-wealth-advisors-llc/,2022-11-07,MX
https://mx.investing.com/pro/ideas/xcel-wealth-management,2022-11-07,MX
https://tr.investing.com/pro/ideas/carnegie-capital-asset-management-llc/,2022-11-07,TR
https://hk.investing.com/pro/ideas/needham-investment-management,2022-11-07,HK
https://www.investing.com/pro/ideas/madison-asset-management,2022-11-07,WWW
https://tr.investing.com/pro/ideas/nvwm-llc/,2022-11-07,TR
https://tr.investing.com/pro/ideas/lsv-asset-management/,2022-11-07,TR
https://hk.investing.com/pro/ideas/arete-wealth-advisors-llc/,2022-11-07,HK
https://mx.investing.com/pro/ideas/olympus-peak-asset-management-lp,2022-11-07,MX
https://tr.investing.com/pro/ideas/cornerstone-partners-capital-management-llc/,2022-11-07,TR
https://hk.investing.com/pro/ideas/veritas-investment-partners-uk-ltd/,2022-11-07,HK
https://tr.investing.com/pro/ideas/karani-asset-management,2022-11-07,TR
https://tr.investing.com/pro/ideas/value-holdings-management-co-llc/,2022-11-07,TR
https://tr.investing.com/pro/ideas/wilsey-asset-management-inc/,2022-11-07,TR
https://www.investing.com/pro/ideas/great-diamond-partners,2022-11-07,WWW
https://www.investing.com/pro/ideas/wellcome-trust-ltd-the-as-trustee-of-the-wellcome-trust/,2022-11-07,WWW
https://tr.investing.com/pro/ideas/santori-peters,2022-11-07,TR
https://id.investing.com/pro/ideas/carlton-hofferkamp-and-jenks-wealth-management/,2022-11-07,ID
https://mx.investing.com/pro/ideas/twin-lakes-capital-management-llc,2022-11-07,MX
https://it.investing.com/pro/ideas/bridgeworth-llc/,2022-11-07,IT
https://mx.investing.com/pro/ideas/jb-capital-partners-lp,2022-11-07,MX
https://tr.investing.com/pro/ideas/tri-star-advisors-inc/,2022-11-07,TR
https://mx.investing.com/pro/ideas/eliot-finkel-investment-counsel,2022-11-07,MX
https://www.investing.com/pro/ideas/coronation-fund-managers-ltd,2022-11-07,WWW
https://www.investing.com/pro/ideas/cherry-creek-investment-advisors-inc,2022-11-07,WWW
https://mx.investing.com/pro/ideas/sapience-investments,2022-11-07,MX
https://mx.investing.com/pro/ideas/perseverance-asset-management-international,2022-11-07,MX
https://tr.investing.com/pro/ideas/five-oceans-advisors,2022-11-07,TR
https://in.investing.com/pro/ideas/autonomy-capital-jersey-l-p/,2022-11-07,IN
https://mx.investing.com/pro/ideas/griffin-asset-management,2022-11-07,MX
https://tr.investing.com/pro/ideas/hunter-associates-investment-management-llc/,2022-11-07,TR
https://mx.investing.com/pro/ideas/providence-capital-advisors,2022-11-07,MX
https://mx.investing.com/pro/ideas/touchstone-capital-inc,2022-11-07,MX
https://www.investing.com/pro/ideas/hamilton-wealth/,2022-11-07,WWW
https://mx.investing.com/pro/ideas/bordeaux-wealth-advisors-llc,2022-11-07,MX
https://www.investing.com/pro/ideas/pacific-center-for-financial-services/,2022-11-07,WWW
https://hk.investing.com/pro/ideas/paradigm-financial-partners,2022-11-07,HK
https://mx.investing.com/pro/ideas/accenture-plc,2022-11-07,MX
https://it.investing.com/pro/ideas/bhz-capital-management-lp/,2022-11-07,IT
https://mx.investing.com/pro/ideas/cederberg-capital-ltd,2022-11-07,MX
https://ru.investing.com/pro/ideas/tnf-llc,2022-11-07,RU
https://cn.investing.com/pro/ideas/clearbridge-investments-ltd,2022-11-07,CN
https://ru.investing.com/pro/ideas/page/15/,2022-11-07,RU
https://tr.investing.com/pro/ideas/all-season-financial-advisors-inc,2022-11-07,TR
https://tr.investing.com/pro/ideas/cmg-global-holdings-llc,2022-11-07,TR
https://hk.investing.com/pro/ideas/boston-trust-walden-corp/,2022-11-07,HK
https://mx.investing.com/pro/ideas/kathmere-capital-management,2022-11-07,MX
https://mx.investing.com/pro/ideas/whalerock-point-partners-llc,2022-11-07,MX
https://mx.investing.com/pro/ideas/trustco-bank-corp-n-y,2022-11-07,MX
https://mx.investing.com/pro/ideas/harbor-island-capital,2022-11-07,MX
https://tr.investing.com/pro/ideas/ttp-investments-inc/,2022-11-07,TR
https://tr.investing.com/pro/ideas/caas-capital-management-lp/,2022-11-07,TR
https://mx.investing.com/pro/ideas/boston-research-management-inc/,2022-11-07,MX
https://tr.investing.com/pro/ideas/esa-global-value-fund/,2022-11-07,TR
https://tr.investing.com/pro/ideas/bridgeworth-llc/,2022-11-07,TR
https://tr.investing.com/pro/ideas/the-pacific-financial-group,2022-11-07,TR
https://tr.investing.com/pro/ideas/brookfield-asset-management-inc/,2022-11-07,TR
https://tr.investing.com/pro/ideas/towle-co/,2022-11-07,TR
https://tr.investing.com/pro/ideas/burney-co/,2022-11-07,TR
https://tr.investing.com/pro/ideas/alpha-family-trust/,2022-11-07,TR
https://tr.investing.com/pro/ideas/truxt-investmentos-ltda/,2022-11-07,TR
https://mx.investing.com/pro/ideas/resources-management-corp,2022-11-07,MX
https://tr.investing.com/pro/ideas/tairen-capital-ltd,2022-11-07,TR
https://www.investing.com/pro/ideas/triumph-capital-management/,2022-11-07,WWW
https://cn.investing.com/pro/ideas/arete-wealth-advisors-llc/,2022-11-07,CN
https://mx.investing.com/pro/ideas/johnson-midwest-financial-llc,2022-11-07,MX
https://tr.investing.com/pro/ideas/westbridge-capital-management-llc/,2022-11-07,TR
https://tr.investing.com/pro/ideas/signet-investment-advisory-group/,2022-11-07,TR
https://www.investing.com/pro/ideas/general-american-investors-company,2022-11-07,WWW
https://mx.investing.com/pro/ideas/technology-crossover-management-x-ltd/,2022-11-07,MX
https://tr.investing.com/pro/ideas/chase-investment-counsel-corp/,2022-11-07,TR
https://uk.investing.com/pro/ideas/bhz-capital-management-lp/,2022-11-07,UK
https://de.investing.com/pro/ideas/autonomy-capital-jersey-l-p/,2022-11-07,DE
https://mx.investing.com/pro/ideas/claret-asset-management-corp,2022-11-07,MX
https://mx.investing.com/pro/ideas/page/66,2022-11-07,MX
https://tr.investing.com/pro/ideas/tlwm/,2022-11-07,TR
https://in.investing.com/pro/ideas/page/14/,2022-11-07,IN
https://mx.investing.com/pro/ideas/squadra-investments-gestao-de-recursos-ltda,2022-11-07,MX
https://tr.investing.com/pro/ideas/soditic-asset-management-llp,2022-11-07,TR
https://hk.investing.com/pro/ideas/page/67/,2022-11-07,HK
https://hk.investing.com/pro/ideas/aigh-capital-management-llc/,2022-11-07,HK
https://es.investing.com/pro/ideas/value-holdings-management-co-llc/,2022-11-07,ES
https://mx.investing.com/pro/ideas/yong-rong-hk-asset-management-ltd,2022-11-07,MX
https://it.investing.com/pro/ideas/tenret-co-llc,2022-11-07,IT
https://uk.investing.com/pro/ideas/untitled-investments-lp/,2022-11-07,UK
https://tr.investing.com/pro/ideas/cim-investment-management-inc/,2022-11-07,TR
https://it.investing.com/pro/ideas/tree-line-advisors-hong-kong-ltd,2022-11-07,IT
https://mx.investing.com/pro/ideas/ma-private-wealth,2022-11-07,MX
https://tr.investing.com/pro/ideas/mader-shannon-wealth-management-inc,2022-11-07,TR
https://tr.investing.com/pro/ideas/moulton-wealth-management,2022-11-07,TR
https://mx.investing.com/pro/ideas/junson-asset-management-hong-kong-ltd,2022-11-07,MX
https://in.investing.com/pro/ideas/capula-management-ltd/,2022-11-07,IN
https://mx.investing.com/pro/ideas/mark-sheptoff-financial-planning,2022-11-07,MX
https://in.investing.com/pro/ideas/bollard-group-llc/,2022-11-07,IN
https://it.investing.com/pro/ideas/highmark-wealth-management,2022-11-07,IT
https://in.investing.com/pro/ideas/bridgeworth-llc/,2022-11-07,IN
https://mx.investing.com/pro/ideas/tilden-park-management-i,2022-11-07,MX
https://mx.investing.com/pro/ideas/wiser-wealth-management-inc/,2022-11-07,MX
https://es.investing.com/pro/ideas/burney-co/,2022-11-07,ES
https://mx.investing.com/pro/ideas/tl-private-wealth,2022-11-07,MX
https://mx.investing.com/pro/ideas/riverview-trust-company,2022-11-07,MX
https://in.investing.com/pro/ideas/burney-co/,2022-11-07,IN
https://mx.investing.com/pro/ideas/copeland-capital-management,2022-11-07,MX
https://mx.investing.com/pro/ideas/kerntke-otto-mcglone-wealth-management-group,2022-11-07,MX
https://tr.investing.com/pro/ideas/palladiem-llc/,2022-11-07,TR
https://mx.investing.com/pro/ideas/graves-light-private-wealth-management,2022-11-07,MX
https://it.investing.com/pro/ideas/sequoia-china-equity-partners-hong-kong-ltd/,2022-11-07,IT
https://mx.investing.com/pro/ideas/f-v-capital-management,2022-11-07,MX
https://it.investing.com/pro/ideas/valtinson-bruner-financial-planning,2022-11-07,IT
https://mx.investing.com/pro/ideas/page/81,2022-11-07,MX
https://in.investing.com/pro/ideas/venator-management-llc,2022-11-07,IN
https://it.investing.com/pro/ideas/sequoia-financial-advisors/,2022-11-07,IT
https://mx.investing.com/pro/ideas/santori-peters,2022-11-07,MX
https://mx.investing.com/pro/ideas/kemper-corp-master-retirement-trust,2022-11-07,MX
https://mx.investing.com/pro/ideas/page/89,2022-11-07,MX
https://mx.investing.com/pro/ideas/ccm-investment-advisers,2022-11-07,MX
https://hk.investing.com/pro/ideas/janney-capital-management,2022-11-07,HK
https://mx.investing.com/pro/ideas/penobscot-investment-management-company,2022-11-07,MX
https://mx.investing.com/pro/ideas/threadgill-financial-llc/,2022-11-07,MX
https://hk.investing.com/pro/ideas/truadvice-llc,2022-11-07,HK
https://cn.investing.com/pro/ideas/waypoint-wealth-partners-inc/,2022-11-07,CN
https://mx.investing.com/pro/ideas/marble-harbor-investment-counsel,2022-11-07,MX
https://tr.investing.com/pro/ideas/patron-partners-llc/,2022-11-07,TR
https://fr.investing.com/pro/ideas/noked-capital-ltd/,2022-11-07,FR
https://mx.investing.com/pro/ideas/harvest-volatility-management-llc,2022-11-07,MX
https://mx.investing.com/pro/ideas/capital-planning-llc,2022-11-07,MX
https://mx.investing.com/pro/ideas/helikon-investments-ltd,2022-11-07,MX
https://it.investing.com/pro/ideas/sherpacapital,2022-11-07,IT
https://it.investing.com/pro/ideas/harbour-capital-advisors-llc/,2022-11-07,IT
https://hk.investing.com/pro/ideas/oder-investment-management-llc/,2022-11-07,HK
https://mx.investing.com/pro/ideas/cohen-co-financial-management-llc,2022-11-07,MX
https://mx.investing.com/pro/ideas/himension-capital-singapore-pte-ltd,2022-11-07,MX
https://www.investing.com/pro/ideas/liberty-one-investment-management/,2022-11-07,WWW
https://mx.investing.com/pro/ideas/yorktown-energy-partners-ix,2022-11-07,MX
https://mx.investing.com/pro/ideas/first-american-trust-fsb,2022-11-07,MX
https://tr.investing.com/pro/ideas/chatham-capital-group-inc/,2022-11-07,TR
https://mx.investing.com/pro/ideas/first-financial-bank-trust-division,2022-11-07,MX
https://it.investing.com/pro/ideas/ally-bridge-group-ny-llc/,2022-11-07,IT
https://fr.investing.com/pro/ideas/lakehouse-capital-pty-ltd/,2022-11-07,FR
https://www.investing.com/pro/ideas/idg-china-venture-capital-fund-iv-associates-l-p/,2022-11-07,WWW
https://mx.investing.com/pro/ideas/pavion-blue-capital,2022-11-07,MX
https://mx.investing.com/pro/ideas/hanson-doremus-investment-management,2022-11-07,MX
https://tr.investing.com/pro/ideas/new-harbor-financial-group-llc/,2022-11-07,TR
https://it.investing.com/pro/ideas/chatham-capital-group-inc/,2022-11-07,IT
https://mx.investing.com/pro/ideas/knuff-company,2022-11-07,MX
https://mx.investing.com/pro/ideas/fountaincap-research-investment-hong-kong-company-ltd,2022-11-07,MX
https://it.investing.com/pro/ideas/signature-wealth-management-partners-llc/,2022-11-07,IT
https://mx.investing.com/pro/ideas/first-bancorp-inc-me,2022-11-07,MX
https://hk.investing.com/pro/ideas/stonnington-group-llc/,2022-11-07,HK
https://hk.investing.com/pro/ideas/garrison-bradford-associates/,2022-11-07,HK
https://mx.investing.com/pro/ideas/boltwood-capital-management,2022-11-07,MX
https://fr.investing.com/pro/ideas/peoples-financial-services-corp/,2022-11-07,FR
https://it.investing.com/pro/ideas/synergy-asset-management-llc/,2022-11-07,IT
https://it.investing.com/pro/ideas/institutional-venture-management-xiv/,2022-11-06,IT
https://tr.investing.com/pro/ideas/western-asset-management-company/,2022-11-06,TR
https://mx.investing.com/pro/ideas/page/148/,2022-11-06,MX
https://mx.investing.com/pro/ideas/melqart-asset-management-uk-ltd,2022-11-06,MX
https://tr.investing.com/pro/ideas/eversept-partners,2022-11-06,TR
https://tr.investing.com/pro/ideas/contravisory-investment-management/,2022-11-06,TR
https://mx.investing.com/pro/ideas/foresite-capital-management-i,2022-11-06,MX
https://in.investing.com/pro/ideas/towle-co/,2022-11-06,IN
https://tr.investing.com/pro/ideas/carlyle-group,2022-11-06,TR
https://mx.investing.com/pro/ideas/valley-forge-investment-consultants-inc-adv/,2022-11-06,MX
https://hk.investing.com/pro/ideas/convergence-investment-partners,2022-11-06,HK
https://mx.investing.com/pro/ideas/page/158,2022-11-06,MX
https://mx.investing.com/pro/ideas/strategic-equity-management/,2022-11-06,MX
https://mx.investing.com/pro/ideas/ttp-investments-inc/,2022-11-06,MX
https://es.investing.com/pro/ideas/touchstone-capital-inc/,2022-11-06,ES
https://it.investing.com/pro/ideas/wny-asset-management-llc,2022-11-06,IT
https://www.investing.com/pro/ideas/kadensa-capital-ltd/,2022-11-06,WWW
https://mx.investing.com/pro/ideas/schulhoff-co,2022-11-06,MX
https://mx.investing.com/pro/ideas/dougherty-wealth-advisers,2022-11-06,MX
https://tr.investing.com/pro/ideas/anomaly-capital-management-lp/,2022-11-06,TR
https://fr.investing.com/pro/ideas/bi-asset-management-fondsmaeglerselskab-a/,2022-11-06,FR
https://id.investing.com/pro/ideas/xml-financial/,2022-11-06,ID
https://tr.investing.com/pro/ideas/m3f/,2022-11-06,TR
https://fr.investing.com/pro/ideas/arrowmark-colorado-holdings/,2022-11-06,FR
https://tr.investing.com/pro/ideas/vector-capital-management-l-p/,2022-11-06,TR
https://tr.investing.com/pro/ideas/mastrapasqua-asset-management-inc/,2022-11-06,TR
https://mx.investing.com/pro/ideas/carlton-hofferkamp-and-jenks-wealth-management,2022-11-06,MX
https://kr.investing.com/pro/ideas/vancity-investment-management-ltd/,2022-11-06,KR
https://uk.investing.com/pro/ideas/clearbridge-investments-ltd/,2022-11-06,UK
https://mx.investing.com/pro/ideas/curran-wealth-management/,2022-11-06,MX
https://in.investing.com/pro/ideas/truadvice-llc/,2022-11-06,IN
https://tr.investing.com/pro/ideas/engine-capital-management/,2022-11-06,TR
https://de.investing.com/pro/ideas/trinity-financial-advisors-llc/,2022-11-06,DE
https://tr.investing.com/pro/ideas/peregrine-capital-management,2022-11-06,TR
https://tr.investing.com/pro/ideas/spx-equities-gestao-de-recursos-ltda,2022-11-06,TR
https://cn.investing.com/pro/ideas/strongbox-wealth-llc/,2022-11-06,CN
https://cn.investing.com/pro/ideas/summerhaven-investment-management-llc/,2022-11-06,CN
https://tr.investing.com/pro/ideas/washington-harbour-partners-lp/,2022-11-06,TR
https://cn.investing.com/pro/ideas/torq-capital-management-hk-ltd/,2022-11-06,CN
https://cn.investing.com/pro/ideas/charles-lim-capital-ltd/,2022-11-06,CN
https://tr.investing.com/pro/ideas/dubuque-bank-trust-company/,2022-11-06,TR
https://uk.investing.com/pro/ideas/tri-star-advisors-inc/,2022-11-06,UK
https://tr.investing.com/pro/ideas/segment-wealth-management/,2022-11-06,TR
https://cn.investing.com/pro/ideas/vector-capital-management-l-p/,2022-11-06,CN
https://tr.investing.com/pro/ideas/sasco-capital/,2022-11-06,TR
https://ru.investing.com/pro/ideas/us-financial-advisors-llc/,2022-11-06,RU
https://de.investing.com/pro/ideas/page/16/,2022-11-06,DE
https://es.investing.com/pro/ideas/page/16/,2022-11-06,ES
https://cn.investing.com/pro/ideas/valley-forge-investment-consultants-inc-adv/,2022-11-06,CN
https://id.investing.com/pro/ideas/west-family-investments-inc/,2022-11-06,ID
https://cn.investing.com/pro/ideas/valliance-asset-management-ltd/,2022-11-06,CN
https://ru.investing.com/pro/ideas/valliance-asset-management-ltd/,2022-11-06,RU
https://tr.investing.com/pro/ideas/focus-wealth-advisors-llc/,2022-11-06,TR
https://tr.investing.com/pro/ideas/colonial-river-wealth-management-llc/,2022-11-06,TR
https://tr.investing.com/pro/ideas/alerus-financial-na/,2022-11-06,TR
https://tr.investing.com/pro/ideas/page/16,2022-11-06,TR
https://fr.investing.com/pro/ideas/guardcap-asset-management-ltd/,2022-11-06,FR
https://tr.investing.com/pro/ideas/lansdowne-partners-uk-llp/,2022-11-06,TR
https://tr.investing.com/pro/ideas/roanoke-asset-management-corp,2022-11-06,TR
https://tr.investing.com/pro/ideas/ancient-art/,2022-11-06,TR
https://tr.investing.com/pro/ideas/argus-investors-counsel/,2022-11-06,TR
https://tr.investing.com/pro/ideas/pacitti-group/,2022-11-06,TR
https://tr.investing.com/pro/ideas/himalaya-capital-management,2022-11-06,TR
https://de.investing.com/pro/ideas/wealth-management-partners-llc/,2022-11-06,DE
https://it.investing.com/pro/ideas/drh-investments,2022-11-06,IT
https://tr.investing.com/pro/ideas/eisler-capital-uk-ltd/,2022-11-06,TR
https://tr.investing.com/pro/ideas/guardcap-asset-management-ltd/,2022-11-06,TR
https://tr.investing.com/pro/ideas/sprott-inc/,2022-11-06,TR
https://in.investing.com/pro/ideas/tectonic-advisors-llc/,2022-11-06,IN
https://tr.investing.com/pro/ideas/bender-robert-associates/,2022-11-06,TR
https://fr.investing.com/pro/ideas/contravisory-investment-management/,2022-11-06,FR
https://tr.investing.com/pro/ideas/corbin-capital-partners-l-p/,2022-11-06,TR
https://de.investing.com/pro/ideas/cabana-llc/,2022-11-06,DE
https://cn.investing.com/pro/ideas/cabana-llc/,2022-11-06,CN
https://tr.investing.com/pro/ideas/tsai-capital-corp/,2022-11-06,TR
https://tr.investing.com/pro/ideas/g-s-capital/,2022-11-06,TR
https://tr.investing.com/pro/ideas/swiss-re-ltd,2022-11-06,TR
https://in.investing.com/pro/ideas/clear-street-markets-llc/,2022-11-06,IN
https://tr.investing.com/pro/ideas/page/46/,2022-11-06,TR
https://in.investing.com/pro/ideas/capital-growth-management-lp/,2022-11-05,IN
https://uk.investing.com/pro/ideas/carnegie-capital-asset-management-llc/,2022-11-05,UK
https://tr.investing.com/pro/ideas/dcm-advisors-llc/,2022-11-05,TR
https://tr.investing.com/pro/ideas/voss-capital/,2022-11-05,TR
https://fr.investing.com/pro/ideas/joseph-p-lucia-associates/,2022-11-05,FR
https://cn.investing.com/pro/ideas/brio-consultants-llc/,2022-11-05,CN
https://tr.investing.com/pro/ideas/security-benefit-life-insurance-company,2022-11-05,TR
https://tr.investing.com/pro/ideas/hartford-funds-management-company/,2022-11-05,TR
https://tr.investing.com/pro/ideas/engine-no-1-llc/,2022-11-05,TR
https://mx.investing.com/pro/ideas/blue-water-life-science-advisors-llc,2022-11-05,MX
https://mx.investing.com/pro/ideas/union-heritage-capital-llc/,2022-11-05,MX
https://es.investing.com/pro/ideas/klingenstein-fields-co-lp/,2022-11-05,ES
https://in.investing.com/pro/ideas/kadensa-capital-ltd/,2022-11-05,IN
https://tr.investing.com/pro/ideas/watchman-group,2022-11-05,TR
https://in.investing.com/pro/ideas/jet-capital-investors-l-p/,2022-11-05,IN
https://mx.investing.com/pro/ideas/argent-capital-management/,2022-11-05,MX
https://mx.investing.com/pro/ideas/first-national-bank-of-mount-dora-trust-investment-services/,2022-11-05,MX
https://in.investing.com/pro/ideas/terra-nova-asset-management-llc/,2022-11-05,IN
https://it.investing.com/pro/ideas/apoletto-ltd/,2022-11-05,IT
https://de.investing.com/pro/ideas/sapience-investments/,2022-11-05,DE
https://mx.investing.com/pro/ideas/westhampton-capital,2022-11-05,MX
https://www.investing.com/pro/ideas/virtue-capital-management/,2022-11-05,WWW
https://de.investing.com/pro/ideas/bergankdv-wealth-management/,2022-11-05,DE
https://de.investing.com/pro/ideas/maryland-state-retirement-pension-system/,2022-11-05,DE
https://de.investing.com/pro/ideas/wolf-hill-capital-management-lp/,2022-11-05,DE
https://mx.investing.com/pro/ideas/blacksheep-fund-management-ltd/,2022-11-05,MX
https://cn.investing.com/pro/ideas/symetra-investment-management-co/,2022-11-05,CN
https://mx.investing.com/pro/ideas/whelan-financial/,2022-11-05,MX
https://ru.investing.com/pro/ideas/contravisory-investment-management/,2022-11-05,RU
https://tr.investing.com/pro/ideas/page/66/,2022-11-05,TR
https://it.investing.com/pro/ideas/rutabaga-capital-management/,2022-11-05,IT
https://fr.investing.com/pro/ideas/cavalier-investments/,2022-11-05,FR
https://tr.investing.com/pro/ideas/bergankdv-wealth-management/,2022-11-05,TR
https://fr.investing.com/pro/ideas/ironwood-wealth-management/,2022-11-05,FR
https://cn.investing.com/pro/ideas/beaton-management-co-inc/,2022-11-05,CN
https://in.investing.com/pro/ideas/wimmer-associates-1-llc/,2022-11-05,IN
https://it.investing.com/pro/ideas/swiss-re-ltd/,2022-11-05,IT
https://tr.investing.com/pro/ideas/wellington-shields-capital-management/,2022-11-05,TR
https://de.investing.com/pro/ideas/sumitomo-mitsui-ds-asset-management-company-ltd/,2022-11-05,DE
https://fr.investing.com/pro/ideas/curi-wealth-management-llc/,2022-11-05,FR
https://mx.investing.com/pro/ideas/rice-partnership/,2022-11-05,MX
https://es.investing.com/pro/ideas/spirit-of-america-management-corp/,2022-11-05,ES
https://de.investing.com/pro/ideas/north-point-portfolio-managers-corporation/,2022-11-05,DE
https://it.investing.com/pro/ideas/tamarack-advisers/,2022-11-05,IT
https://de.investing.com/pro/ideas/winthrop-advisory-group-llc/,2022-11-05,DE
https://hk.investing.com/pro/ideas/pettinga-financial-advisors/,2022-11-05,HK
https://fr.investing.com/pro/ideas/dan-l-duncan-foundation/,2022-11-05,FR
https://es.investing.com/pro/ideas/tlwm/,2022-11-05,ES
https://de.investing.com/pro/ideas/vaughan-nelson-investment-management-l-p/,2022-11-05,DE
https://de.investing.com/pro/ideas/safeguard-investment-advisory-group-llc/,2022-11-04,DE
https://de.investing.com/pro/ideas/silver-heights-capital-management/,2022-11-04,DE
https://mx.investing.com/pro/ideas/apoletto-ltd/,2022-11-04,MX
https://cn.investing.com/pro/ideas/great-point-wealth-advisors/,2022-11-04,CN
https://it.investing.com/pro/ideas/dubuque-bank-trust-company/,2022-11-04,IT
https://uk.investing.com/pro/ideas/sw-investment-management-llc/,2022-11-04,UK
https://tr.investing.com/pro/ideas/page/33/,2022-11-04,TR
https://fr.investing.com/pro/ideas/page/86/,2022-11-04,FR
https://fr.investing.com/pro/ideas/pinpoint-asset-management-ltd/,2022-11-04,FR
https://mx.investing.com/pro/ideas/value-monitoring/,2022-11-04,MX
https://fr.investing.com/pro/ideas/page/166/,2022-11-04,FR
https://it.investing.com/pro/ideas/mastrapasqua-asset-management-inc/,2022-11-04,IT
https://in.investing.com/pro/ideas/titan-global-capital-management-usa-llc/,2022-11-04,IN
https://it.investing.com/pro/ideas/tower-wealth-partners-inc/,2022-11-04,IT
https://mx.investing.com/pro/ideas/veriti-management-llc/,2022-11-04,MX
https://ru.investing.com/pro/ideas/veriti-management-llc/,2022-11-04,RU
https://cn.investing.com/pro/ideas/tanaka-capital-management-inc/,2022-11-04,CN
https://fr.investing.com/pro/ideas/main-management-etf-advisors/,2022-11-04,FR
https://de.investing.com/pro/ideas/uss-investment-management-ltd/,2022-11-04,DE
https://hk.investing.com/pro/ideas/garrison-point-capital-llc/,2022-11-04,HK
https://au.investing.com/pro/ideas/blueprint-investment-partners/,2022-11-04,AU
https://es.investing.com/pro/ideas/powell-investment-advisors/,2022-11-04,ES
https://de.investing.com/pro/ideas/pentwater-capital-management/,2022-11-04,DE
https://de.investing.com/pro/ideas/columbia-trust-company-01012016/,2022-11-04,DE
https://ru.investing.com/pro/ideas/novo-holdings-a/,2022-11-04,RU
https://fr.investing.com/pro/ideas/foster-motley/,2022-11-04,FR
https://in.investing.com/pro/ideas/oxford-financial-group-ltd/,2022-11-04,IN
https://ru.investing.com/pro/ideas/mechanics-bank-trust-department/,2022-11-04,RU
https://ru.investing.com/pro/ideas/truvestments-capital/,2022-11-04,RU
https://es.investing.com/pro/ideas/general-electric-company/,2022-11-04,ES
https://ru.investing.com/pro/ideas/harspring-capital-management/,2022-11-04,RU
https://in.investing.com/pro/ideas/peddock-capital-advisors/,2022-11-04,IN
https://cn.investing.com/pro/ideas/heritage-investors-management-corp/,2022-11-04,CN
https://cn.investing.com/pro/ideas/black-diamond-financial/,2022-11-04,CN
https://ru.investing.com/pro/ideas/r-w-roge-company/,2022-11-04,RU
https://cn.investing.com/pro/ideas/dock-street-asset-management/,2022-11-04,CN
https://ru.investing.com/pro/ideas/heron-bay-capital-management/,2022-11-04,RU
https://ru.investing.com/pro/ideas/cnb-bank/,2022-11-04,RU
https://ru.investing.com/pro/ideas/page/90/,2022-11-04,RU
https://de.investing.com/pro/ideas/dorsal-capital-management/,2022-11-04,DE
https://de.investing.com/pro/ideas/relyea-zuckerberg-hanson/,2022-11-04,DE
https://cn.investing.com/pro/ideas/relyea-zuckerberg-hanson/,2022-11-04,CN
https://uk.investing.com/pro/ideas/affinity-wealth-management/,2022-11-04,UK
https://es.investing.com/pro/ideas/sapience-investments,2022-11-04,ES
https://de.investing.com/pro/ideas/guardcap-asset-management-ltd/,2022-11-04,DE
https://ru.investing.com/pro/ideas/sawtooth-solutions/,2022-11-04,RU
https://ru.investing.com/pro/ideas/stadion-money-management/,2022-11-04,RU
https://ru.investing.com/pro/ideas/atlas-venture/,2022-11-04,RU
https://uk.investing.com/pro/ideas/singapore-technologies-telemedia-pte-ltd/,2022-11-04,UK
https://tr.investing.com/pro/ideas/the-appleton-group/,2022-11-04,TR
https://in.investing.com/pro/ideas/forsta-ap-fonden/,2022-11-04,IN
https://tr.investing.com/pro/ideas/pendal-group-ltd/,2022-11-04,TR
https://es.investing.com/pro/ideas/brandywine-managers/,2022-11-04,ES
https://tr.investing.com/pro/ideas/westhampton-capital/,2022-11-04,TR
https://ru.investing.com/pro/ideas/curtis-advisory-group,2022-11-04,RU
https://it.investing.com/pro/ideas/x-square-capital/,2022-11-04,IT
https://tr.investing.com/pro/ideas/shoker-investment-counsel/,2022-11-04,TR
https://tr.investing.com/pro/ideas/acorn-financial-advisory-services/,2022-11-04,TR
https://mx.investing.com/pro/ideas/omega-financial-group/,2022-11-04,MX
https://fr.investing.com/pro/ideas/page/157/,2022-11-04,FR
https://fr.investing.com/pro/ideas/gemmer-asset-management/,2022-11-04,FR
https://es.investing.com/pro/ideas/yale-university/,2022-11-04,ES
https://ru.investing.com/pro/ideas/quad-cities-investment-group/,2022-11-04,RU
https://ru.investing.com/pro/ideas/sourcerock-group-llc/,2022-11-04,RU
https://uk.investing.com/pro/ideas/alhambra-investment-partners/,2022-11-04,UK
https://es.investing.com/pro/ideas/rivulet-capital/,2022-11-04,ES
https://de.investing.com/pro/ideas/ally-invest-advisors/,2022-11-04,DE
https://fr.investing.com/pro/ideas/page/93/,2022-11-04,FR
https://de.investing.com/pro/ideas/page/136/,2022-11-04,DE
https://fr.investing.com/pro/ideas/banco-de-sabadell-sa,2022-11-04,FR
https://de.investing.com/pro/ideas/wiser-wealth-management-inc/,2022-11-04,DE
https://es.investing.com/pro/ideas/union-heritage-capital-llc/,2022-11-04,ES
https://ru.investing.com/pro/ideas/wd-rutherford-llc/,2022-11-04,RU
https://fr.investing.com/pro/ideas/ardevora-asset-management/,2022-11-04,FR
https://de.investing.com/pro/ideas/leverage-partners-absolute-return-fund-spc/,2022-11-04,DE
https://fr.investing.com/pro/ideas/gryphon-financial-partners/,2022-11-03,FR
https://cn.investing.com/pro/ideas/yu-fan/,2022-11-03,CN
https://cn.investing.com/pro/ideas/wipfli-financial-advisors-llc/,2022-11-03,CN
https://de.investing.com/pro/ideas/tctc-holdings/,2022-11-03,DE
https://ru.investing.com/pro/ideas/western-asset-management-company/,2022-11-03,RU
https://de.investing.com/pro/ideas/neumann-capital-management/,2022-11-03,DE
https://de.investing.com/pro/ideas/vk-services-llc/,2022-11-03,DE
https://de.investing.com/pro/ideas/purus-wealth-management-llc/,2022-11-03,DE
https://fr.investing.com/pro/ideas/page/71/,2022-11-03,FR
https://de.investing.com/pro/ideas/willis-johnson-associates-inc/,2022-11-03,DE
https://it.investing.com/pro/ideas/neumann-capital-management/,2022-11-03,IT
https://fr.investing.com/pro/ideas/a-n-culbertson-company/,2022-11-03,FR
https://in.investing.com/pro/ideas/wny-asset-management-llc/,2022-11-03,IN
https://fr.investing.com/pro/ideas/peconic-partners/,2022-11-03,FR
https://in.investing.com/pro/ideas/vk-services-llc/,2022-11-03,IN
https://in.investing.com/pro/ideas/westchester-capital-management-llc/,2022-11-03,IN
https://ru.investing.com/pro/ideas/prairiewood-capital-llc,2022-11-03,RU
https://de.investing.com/pro/ideas/guidance-point-advisors/,2022-11-03,DE
https://es.investing.com/pro/ideas/nixon-capital-llc/,2022-11-03,ES
https://fr.investing.com/pro/ideas/deprince-race-zollo/,2022-11-03,FR
https://tr.investing.com/pro/ideas/newedge-wealth-llc/,2022-11-03,TR
https://fr.investing.com/pro/ideas/granby-capital-management-llc/,2022-11-03,FR
https://de.investing.com/pro/ideas/asia-research-capital-management-ltd/,2022-11-03,DE
https://cn.investing.com/pro/ideas/paradigm-asset-management-co-llc/,2022-11-03,CN
https://cn.investing.com/pro/ideas/newgen-asset-management-ltd/,2022-11-03,CN
https://es.investing.com/pro/ideas/pactiv-general-employee-benefit-trust/,2022-11-03,ES
https://de.investing.com/pro/ideas/summit-wealth-retirement-planning/,2022-11-03,DE
https://in.investing.com/pro/ideas/shayne-co/,2022-11-03,IN
https://de.investing.com/pro/ideas/beirne-wealth-consulting-services/,2022-11-03,DE
https://cn.investing.com/pro/ideas/west-financial-advisors-llc/,2022-11-03,CN
https://de.investing.com/pro/ideas/guardian-capital-advisors/,2022-11-03,DE
https://in.investing.com/pro/ideas/crown-capital-management/,2022-11-03,IN
https://fr.investing.com/pro/ideas/texas-capital-bank-private-wealth-advisors/,2022-11-03,FR
https://in.investing.com/pro/ideas/3edge-asset-management/,2022-11-03,IN
https://de.investing.com/pro/ideas/madison-international-realty-holdings/,2022-11-03,DE
https://tr.investing.com/pro/ideas/archon-capital-management/,2022-11-03,TR
https://in.investing.com/pro/ideas/page/67/,2022-11-03,IN
https://de.investing.com/pro/ideas/ah-equity-partners-iii-parallel/,2022-11-03,DE
https://es.investing.com/pro/ideas/page/118/,2022-11-03,ES
https://fr.investing.com/pro/ideas/wc-walker-associates-inc/,2022-11-03,FR
https://uk.investing.com/pro/ideas/page/67/,2022-11-03,UK
https://es.investing.com/pro/ideas/daily-journal-corp/,2022-11-03,ES
https://in.investing.com/pro/ideas/curran-wealth-management/,2022-11-03,IN
https://cn.investing.com/pro/ideas/quaker-capital-investments/,2022-11-03,CN
https://fr.investing.com/pro/ideas/sharp-capital-gestora-de-recursos-ltda/,2022-11-03,FR
https://fr.investing.com/pro/ideas/altus-wealth-group-llc/,2022-11-03,FR
https://fr.investing.com/pro/ideas/clarity-wealth-advisors-llc/,2022-11-03,FR
https://fr.investing.com/pro/ideas/bokf-na/,2022-11-03,FR
https://ru.investing.com/pro/ideas/summit-partners-public-asset-management,2022-11-03,RU
https://fr.investing.com/pro/ideas/sherpacapital/,2022-11-03,FR
https://in.investing.com/pro/ideas/walthausen-co-llc/,2022-11-03,IN
https://de.investing.com/pro/ideas/long-road-investment-counsel/,2022-11-03,DE
https://hk.investing.com/pro/ideas/broadwood-capital/,2022-11-03,HK
https://de.investing.com/pro/ideas/beacon-financial-advisory/,2022-11-03,DE
https://de.investing.com/pro/ideas/gulf-international-bank-uk-ltd/,2022-11-03,DE
https://fr.investing.com/pro/ideas/column-group-llc/,2022-11-03,FR
https://de.investing.com/pro/ideas/client-1st-advisory-group/,2022-11-03,DE
https://de.investing.com/pro/ideas/bradley-mark-j/,2022-11-03,DE
https://cn.investing.com/pro/ideas/washington-state-investment-board/,2022-11-03,CN
https://fr.investing.com/pro/ideas/henry-h-armstrong-associates/,2022-11-03,FR
https://in.investing.com/pro/ideas/cornerstone-wealth/,2022-11-03,IN
https://de.investing.com/pro/ideas/epiq-capital-group-llc/,2022-11-03,DE
https://de.investing.com/pro/ideas/london-company-of-virginia/,2022-11-03,DE
https://de.investing.com/pro/ideas/procyon-private-wealth-partners/,2022-11-03,DE
https://cn.investing.com/pro/ideas/lifepro-asset-management/,2022-11-03,CN
https://de.investing.com/pro/ideas/am-investment-strategies-llc/,2022-11-03,DE
https://de.investing.com/pro/ideas/aubrey-capital-management-ltd/,2022-11-03,DE
https://de.investing.com/pro/ideas/helikon-investments-ltd/,2022-11-03,DE
https://ru.investing.com/pro/ideas/page/161/,2022-11-03,RU
https://es.investing.com/pro/ideas/ironwood-investment-management/,2022-11-03,ES
https://de.investing.com/pro/ideas/cypress-funds-llc/,2022-11-03,DE
https://tr.investing.com/pro/ideas/compton-wealth-advisory-group/,2022-11-03,TR
https://de.investing.com/pro/ideas/rsm-us-wealth-management-llc/,2022-11-03,DE
https://cn.investing.com/pro/ideas/omega-financial-group/,2022-11-03,CN
https://fr.investing.com/pro/ideas/bill-melinda-gates-foundation/,2022-11-03,FR
https://in.investing.com/pro/ideas/blacksheep-fund-management-ltd/,2022-11-03,IN
https://tr.investing.com/pro/ideas/wolff-financial-management/,2022-11-03,TR
https://tr.investing.com/pro/ideas/wealthnavi/,2022-11-03,TR
https://fr.investing.com/pro/ideas/aurora-investment-managers/,2022-11-03,FR
https://fr.investing.com/pro/ideas/destiny-wealth-partners-llc/,2022-11-03,FR
https://de.investing.com/pro/ideas/white-lighthouse-investment-management/,2022-11-03,DE
https://ru.investing.com/pro/ideas/barnett-co/,2022-11-03,RU
https://in.investing.com/pro/ideas/tortoise-capital-advisors/,2022-11-03,IN
https://de.investing.com/pro/ideas/matisse-capital/,2022-11-03,DE
https://uk.investing.com/pro/ideas/arias-resource-capital-gp-ltd/,2022-11-03,UK
https://in.investing.com/pro/ideas/baystate-wealth-management/,2022-11-03,IN
https://es.investing.com/pro/ideas/investment-partners-ltd/,2022-11-03,ES
https://in.investing.com/pro/ideas/oakworth-capital/,2022-11-03,IN
https://de.investing.com/pro/ideas/ciovacco-capital-management-llc/,2022-11-03,DE
https://fr.investing.com/pro/ideas/page/108/,2022-11-03,FR
https://tr.investing.com/pro/ideas/exor-investments-uk,2022-11-03,TR
https://de.investing.com/pro/ideas/high-note-wealth-llc/,2022-11-03,DE
https://de.investing.com/pro/ideas/lountzis-asset-management-llc/,2022-11-03,DE
https://in.investing.com/pro/ideas/euclidean-technologies-management/,2022-11-03,IN
https://uk.investing.com/pro/ideas/spark-growth-management-partners/,2022-11-03,UK
https://de.investing.com/pro/ideas/samson-rock-capital-llp/,2022-11-03,DE
https://de.investing.com/pro/ideas/y-intercept-hong-kong-ltd/,2022-11-03,DE
https://de.investing.com/pro/ideas/fox-run-management/,2022-11-03,DE
https://tr.investing.com/pro/ideas/armstrong-shaw-associates/,2022-11-03,TR
https://hk.investing.com/pro/ideas/first-commonwealth-financial-corp/,2022-11-03,HK
https://de.investing.com/pro/ideas/sageworth-trust-co-of-south-dakota/,2022-11-03,DE
https://in.investing.com/pro/ideas/strategy-capital/,2022-11-03,IN
https://in.investing.com/pro/ideas/titan-capital-management/,2022-11-03,IN
https://in.investing.com/pro/ideas/page/60/,2022-11-03,IN
https://fr.investing.com/pro/ideas/gentrust-llc/,2022-11-03,FR
https://fr.investing.com/pro/ideas/draper-asset-management-llc/,2022-11-03,FR
https://tr.investing.com/pro/ideas/trust-company-of-kansas/,2022-11-03,TR
https://de.investing.com/pro/ideas/connectus-wealth-llc/,2022-11-03,DE
https://tr.investing.com/pro/ideas/683-capital-management/,2022-11-03,TR
https://fr.investing.com/pro/ideas/page/30/,2022-11-03,FR
https://cn.investing.com/pro/ideas/bender-robert-associates/,2022-11-03,CN
https://ru.investing.com/pro/ideas/westside-investment-management-inc/,2022-11-03,RU
https://tr.investing.com/pro/ideas/dark-forest-capital-management-lp/,2022-11-03,TR
https://fr.investing.com/pro/ideas/paradigm-asset-management-co-llc/,2022-11-03,FR
https://de.investing.com/pro/ideas/highland-capital-management-llc/,2022-11-03,DE
https://fr.investing.com/pro/ideas/proquility-private-wealth-partners-llc/,2022-11-03,FR
https://de.investing.com/pro/ideas/focus-wealth-advisors-llc/,2022-11-03,DE
https://de.investing.com/pro/ideas/asset-planning-corporation/,2022-11-03,DE
https://fr.investing.com/pro/ideas/international-assets-investment-management-llc/,2022-11-03,FR
https://tr.investing.com/pro/ideas/wallace-capital-management/,2022-11-03,TR
https://tr.investing.com/pro/ideas/american-national-bank/,2022-11-03,TR
https://in.investing.com/pro/ideas/jeereddi-investments/,2022-11-03,IN
https://de.investing.com/pro/ideas/altravue-capital/,2022-11-03,DE
https://tr.investing.com/pro/ideas/formidable-asset-management-llc/,2022-11-03,TR
https://de.investing.com/pro/ideas/intrack-investment-management-inc/,2022-11-03,DE
https://tr.investing.com/pro/ideas/panview-asian-equity-master-fund/,2022-11-03,TR
https://fr.investing.com/pro/ideas/harvest-management-llc/,2022-11-03,FR
https://ru.investing.com/pro/ideas/santori-peters/,2022-11-03,RU
https://fr.investing.com/pro/ideas/octavia-wealth-advisors-llc/,2022-11-03,FR
https://fr.investing.com/pro/ideas/beta-wealth-group-inc/,2022-11-03,FR
https://fr.investing.com/pro/ideas/aegon-asset-management-us/,2022-11-03,FR
https://de.investing.com/pro/ideas/maple-rock-capital-partners/,2022-11-03,DE
https://in.investing.com/pro/ideas/nvwm-llc/,2022-11-03,IN
https://cn.investing.com/pro/ideas/wilshire-advisors-llc/,2022-11-03,CN
https://de.investing.com/pro/ideas/quaker-wealth-management/,2022-11-02,DE
https://de.investing.com/pro/ideas/first-financial-bank-trust-division/,2022-11-02,DE
https://fr.investing.com/pro/ideas/mwg-management-ltd/,2022-11-02,FR
https://tr.investing.com/pro/ideas/capital-markets-trading-uk/,2022-11-02,TR
https://cn.investing.com/pro/ideas/cito-capital-group/,2022-11-02,CN
https://de.investing.com/pro/ideas/webster-bank-n-a/,2022-11-02,DE
https://in.investing.com/pro/ideas/alpha-family-trust/,2022-11-02,IN
https://tr.investing.com/pro/ideas/redmond-asset-management/,2022-11-02,TR
https://de.investing.com/pro/ideas/stonepine-capital-management/,2022-11-02,DE
https://fr.investing.com/pro/ideas/santori-peters/,2022-11-02,FR
https://fr.investing.com/pro/ideas/chiron-capital-management-llc/,2022-11-02,FR
https://de.investing.com/pro/ideas/milestone-resources-group-ltd/,2022-11-02,DE
https://de.investing.com/pro/ideas/sage-mountain-advisors-llc/,2022-11-02,DE
https://es.investing.com/pro/ideas/matisse-capital/,2022-11-02,ES
https://fr.investing.com/pro/ideas/texas-yale-capital-corp/,2022-11-02,FR
https://hk.investing.com/pro/ideas/candriam-luxembourg-sca/,2022-11-02,HK
https://de.investing.com/pro/ideas/aegon-asset-management-us/,2022-11-02,DE
https://de.investing.com/pro/ideas/davy-global-fund-management-limited/,2022-11-02,DE
https://de.investing.com/pro/ideas/sage-financial-management-group-inc/,2022-11-02,DE
https://in.investing.com/pro/ideas/simon-quick-advisors-llc/,2022-11-02,IN
https://fr.investing.com/pro/ideas/wilbanks-smith-thomas-asset-management/,2022-11-02,FR
https://fr.investing.com/pro/ideas/handelsinvest-investeringsforvaltning/,2022-11-02,FR
https://fr.investing.com/pro/ideas/point72-europe-london/,2022-11-02,FR
https://cn.investing.com/pro/ideas/hamel-associates/,2022-11-02,CN
https://de.investing.com/pro/ideas/cheyne-capital-management-uk/,2022-11-02,DE
https://de.investing.com/pro/ideas/edgepoint-investment-group/,2022-11-02,DE
https://in.investing.com/pro/ideas/loudon-investment-management/,2022-11-02,IN
https://cn.investing.com/pro/ideas/praetorian-wealth-management-inc/,2022-11-02,CN
https://tr.investing.com/pro/ideas/forefront-analytics/,2022-11-02,TR
https://de.investing.com/pro/ideas/breakline-capital/,2022-11-02,DE
https://fr.investing.com/pro/ideas/nnip-advisors-bv/,2022-11-02,FR
https://de.investing.com/pro/ideas/abbot-financial-management/,2022-11-02,DE
https://cn.investing.com/pro/ideas/page/162/,2022-11-02,CN
https://de.investing.com/pro/ideas/page/20/,2022-11-02,DE
https://de.investing.com/pro/ideas/knightsbridge-asset-management/,2022-11-02,DE
https://hk.investing.com/pro/ideas/hamel-associates/,2022-11-02,HK
https://de.investing.com/pro/ideas/davidson-investment-advisors/,2022-11-02,DE
https://de.investing.com/pro/ideas/grandfield-dodd/,2022-11-02,DE
https://fr.investing.com/pro/ideas/bain-capital-public-equity-management-ii/,2022-11-02,FR
https://fr.investing.com/pro/ideas/page/138/,2022-11-02,FR
https://es.investing.com/pro/ideas/page/143/,2022-11-02,ES
https://it.investing.com/pro/ideas/page/20/,2022-11-02,IT
https://de.investing.com/pro/ideas/rwc-asset-advisors-us/,2022-11-02,DE
https://in.investing.com/pro/ideas/chicago-wealth-management/,2022-11-02,IN
https://ru.investing.com/pro/ideas/hudock-capital-group/,2022-11-02,RU
https://es.investing.com/pro/ideas/omega-fund-management/,2022-11-02,ES
https://ru.investing.com/pro/ideas/krensavage-asset-management,2022-11-02,RU
https://de.investing.com/pro/ideas/page/164/,2022-11-02,DE
https://in.investing.com/pro/ideas/lido-advisors-llc/,2022-11-02,IN
https://de.investing.com/pro/ideas/sivik-global-healthcare/,2022-11-02,DE
https://cn.investing.com/pro/ideas/element-pointe-advisors-llc/,2022-11-02,CN
https://cn.investing.com/pro/ideas/guild-investment-management/,2022-11-02,CN
https://fr.investing.com/pro/ideas/chescapmanager/,2022-11-02,FR
https://tr.investing.com/pro/ideas/birchcreek-wealth-management-llc/,2022-11-02,TR
https://cn.investing.com/pro/ideas/sb-investment-advisers-uk-ltd/,2022-11-02,CN
https://fr.investing.com/pro/ideas/mountain-pacific-investment-advisers/,2022-11-02,FR
https://es.investing.com/pro/ideas/huber-capital-management/,2022-11-02,ES
https://de.investing.com/pro/ideas/btg-pactual-global-asset-management-ltd/,2022-11-02,DE
https://es.investing.com/pro/ideas/bernardo-wealth-planning/,2022-11-02,ES
https://fr.investing.com/pro/ideas/page/155/,2022-11-02,FR
https://de.investing.com/pro/ideas/page/156/,2022-11-02,DE
https://de.investing.com/pro/ideas/sourcerock-group-llc/,2022-11-02,DE
https://de.investing.com/pro/ideas/wiley-bros-aintree-capital/,2022-11-02,DE
https://de.investing.com/pro/ideas/investment-partners-ltd/,2022-11-02,DE
https://fr.investing.com/pro/ideas/douglas-c-lane-associates/,2022-11-02,FR
https://es.investing.com/pro/ideas/allen-operations/,2022-11-02,ES
https://in.investing.com/pro/ideas/otter-creek-advisors/,2022-11-02,IN
https://tr.investing.com/pro/ideas/van-leeuwen-company/,2022-11-02,TR
https://es.investing.com/pro/ideas/mivtachim-the-workers-social-insurance-fund-ltd-under-special-management/,2022-11-02,ES
https://es.investing.com/pro/ideas/mpm-asset-management/,2022-11-02,ES
https://cn.investing.com/pro/ideas/sicart-associates/,2022-11-02,CN
https://hk.investing.com/pro/ideas/locust-wood-capital-advisers/,2022-11-02,HK
https://in.investing.com/pro/ideas/chickasaw-capital-management/,2022-11-02,IN
https://in.investing.com/pro/ideas/page/167/,2022-11-02,IN
https://cn.investing.com/pro/ideas/lake-street-advisors-group/,2022-11-02,CN
https://ru.investing.com/pro/ideas/pm-capital-ltd,2022-11-02,RU
https://de.investing.com/pro/ideas/private-capital-management-tax-managed-balanced-fund/,2022-11-02,DE
https://fr.investing.com/pro/ideas/180-wealth-advisors/,2022-11-02,FR
https://ru.investing.com/pro/ideas/kennedy-capital-management,2022-11-02,RU
https://ru.investing.com/pro/ideas/parsons-capital-management/,2022-11-02,RU
https://in.investing.com/pro/ideas/evergreen-capital-management/,2022-11-02,IN
https://in.investing.com/pro/ideas/birch-grove-capital/,2022-11-02,IN
https://in.investing.com/pro/ideas/us-global-investors/,2022-11-02,IN
https://tr.investing.com/pro/ideas/tealwood-asset-management/,2022-11-02,TR
https://ru.investing.com/pro/ideas/ativo-capital-management/,2022-11-02,RU
https://in.investing.com/pro/ideas/mfn-partners-management/,2022-11-02,IN
https://fr.investing.com/pro/ideas/cambria-investment-management/,2022-11-02,FR
https://in.investing.com/pro/ideas/page/162,2022-11-02,IN
https://in.investing.com/pro/ideas/brandywine-managers/,2022-11-02,IN
https://in.investing.com/pro/ideas/newfound-research/,2022-11-02,IN
https://ru.investing.com/pro/ideas/summit-street-capital-management/,2022-11-02,RU
https://in.investing.com/pro/ideas/north-peak-capital-management/,2022-11-02,IN
https://in.investing.com/pro/ideas/stack-financial-management/,2022-11-02,IN
https://cn.investing.com/pro/ideas/otter-creek-advisors/,2022-11-02,CN
https://in.investing.com/pro/ideas/sivik-global-healthcare/,2022-11-02,IN
https://de.investing.com/pro/ideas/main-management-etf-advisors/,2022-11-02,DE
https://in.investing.com/pro/ideas/great-lakes-advisors/,2022-11-02,IN
https://ru.investing.com/pro/ideas/morris-retirement-advisors-llc/,2022-11-02,RU
https://de.investing.com/pro/ideas/trv-gp-ii/,2022-11-02,DE
https://ru.investing.com/pro/ideas/opaleye-management/,2022-11-02,RU
https://tr.investing.com/pro/ideas/rezny-wealth-management/,2022-11-02,TR
https://tr.investing.com/pro/ideas/raine-capital/,2022-11-02,TR
https://tr.investing.com/pro/ideas/the-welch-group/,2022-11-02,TR
https://fr.investing.com/pro/ideas/matisse-capital/,2022-11-02,FR
https://in.investing.com/pro/ideas/nine-masts-capital-limited/,2022-11-02,IN
https://ru.investing.com/pro/ideas/dividend-assets-capital/,2022-11-02,RU
https://fr.investing.com/pro/ideas/trv-gp-ii/,2022-11-02,FR
https://in.investing.com/pro/ideas/advisors-capital-management/,2022-11-02,IN
https://tr.investing.com/pro/ideas/alight-capital-management/,2022-11-02,TR
https://in.investing.com/pro/ideas/dorsey-whitney-trust-company/,2022-11-02,IN
https://ru.investing.com/pro/ideas/page/153/,2022-11-02,RU
https://ru.investing.com/pro/ideas/biechele-royce-advisors/,2022-11-02,RU
https://ru.investing.com/pro/ideas/matisse-capital/,2022-11-02,RU
https://ru.investing.com/pro/ideas/skylands-capital/,2022-11-02,RU
https://de.investing.com/pro/ideas/waratah-capital-advisors-ltd/,2022-11-02,DE
https://tr.investing.com/pro/ideas/nishkama-capital/,2022-11-02,TR
https://de.investing.com/pro/ideas/encap-energy-capital-fund-ix-l-p/,2022-11-02,DE
https://in.investing.com/pro/ideas/chilton-capital-management/,2022-11-02,IN
https://in.investing.com/pro/ideas/chartwell-investment-partners/,2022-11-02,IN
https://in.investing.com/pro/ideas/gerber-kawasaki-wealth-investment-management/,2022-11-02,IN
https://in.investing.com/pro/ideas/sv-health-investors/,2022-11-02,IN
https://it.investing.com/pro/ideas/page/163/,2022-11-02,IT
https://in.investing.com/pro/ideas/yaupon-capital-management/,2022-11-02,IN
https://in.investing.com/pro/ideas/btg-pactual-global-asset-management-ltd/,2022-11-02,IN
https://in.investing.com/pro/ideas/intrinsic-edge-capital-management/,2022-11-02,IN
https://cn.investing.com/pro/ideas/ashford-capital-management/,2022-11-02,CN
https://in.investing.com/pro/ideas/anchorage-capital-group/,2022-11-02,IN
https://de.investing.com/pro/ideas/page/158/,2022-11-02,DE
https://in.investing.com/pro/ideas/ra-capital-management/,2022-11-02,IN
https://in.investing.com/pro/ideas/deltec-asset-management/,2022-11-02,IN
https://in.investing.com/pro/ideas/redwood-investment-management/,2022-11-02,IN
https://de.investing.com/pro/ideas/cambria-investment-management/,2022-11-02,DE
https://es.investing.com/pro/ideas/maple-brown-abbott/,2022-11-02,ES
https://in.investing.com/pro/ideas/adalta-capital-management/,2022-11-02,IN
https://in.investing.com/pro/ideas/page/151/,2022-11-02,IN
https://in.investing.com/pro/ideas/shah-capital-management/,2022-11-02,IN
https://in.investing.com/pro/ideas/diker-management/,2022-11-02,IN
https://tr.investing.com/pro/ideas/sandbar-asset-management/,2022-11-02,TR
https://in.investing.com/pro/ideas/sciencast-management/,2022-11-02,IN
https://in.investing.com/pro/ideas/tamarack-advisers/,2022-11-02,IN
https://in.investing.com/pro/ideas/pendal-group-ltd/,2022-11-02,IN
https://in.investing.com/pro/ideas/mason-street-advisors/,2022-11-02,IN
https://ru.investing.com/pro/ideas/picton-mahoney-asset-management/,2022-11-02,RU
https://de.investing.com/pro/ideas/mcnamara-financial-services/,2022-11-02,DE
https://cn.investing.com/pro/ideas/milestone-resources-group-ltd/,2022-11-02,CN
https://in.investing.com/pro/ideas/waratah-capital-advisors-ltd/,2022-11-02,IN
https://de.investing.com/pro/ideas/sc-china-holding-ltd/,2022-11-02,DE
https://in.investing.com/pro/ideas/cas-investment-partners/,2022-11-02,IN
https://es.investing.com/pro/ideas/hrs-investment-holdings/,2022-11-02,ES
https://de.investing.com/pro/ideas/aisling-capital-management/,2022-11-02,DE
https://in.investing.com/pro/ideas/hitchwood-capital-management/,2022-11-02,IN
https://ru.investing.com/pro/ideas/great-point-partners/,2022-11-02,RU
https://tr.investing.com/pro/ideas/hcr-wealth-advisors/,2022-11-02,TR
https://tr.investing.com/pro/ideas/financial-insights/,2022-11-02,TR
https://de.investing.com/pro/ideas/mufg-americas-holdings-corp/,2022-11-02,DE
https://fr.investing.com/pro/ideas/barrow-hanley-mewhinney-strauss/,2022-11-02,FR
https://fr.investing.com/pro/ideas/hi-line-capital-management/,2022-11-02,FR
https://fr.investing.com/pro/ideas/tarbox-family-office/,2022-11-02,FR
https://in.investing.com/pro/ideas/kentucky-retirement-systems-insurance-trust-fund/,2022-11-02,IN
https://in.investing.com/pro/ideas/yale-university/,2022-11-02,IN
https://it.investing.com/pro/ideas/page/157/,2022-11-02,IT
https://tr.investing.com/pro/ideas/foster-victor-wealth-advisors/,2022-11-02,TR
https://it.investing.com/pro/ideas/silverleafe-capital-partners/,2022-11-02,IT
https://in.investing.com/pro/ideas/pacific-wealth-strategies-group/,2022-11-02,IN
https://ru.investing.com/pro/ideas/aquilo-capital-management/,2022-11-02,RU
https://de.investing.com/pro/ideas/dsc-advisors/,2022-11-02,DE
https://fr.investing.com/pro/ideas/rk-capital-management/,2022-11-02,FR
https://es.investing.com/pro/ideas/garrison-bradford-associates/,2022-11-02,ES
https://tr.investing.com/pro/ideas/joho-capital/,2022-11-02,TR
https://in.investing.com/pro/ideas/yost-capital-management/,2022-11-02,IN
https://tr.investing.com/pro/ideas/sir-capital-management/,2022-11-02,TR
https://ru.investing.com/pro/ideas/bcs-wealth-management/,2022-11-02,RU
https://ru.investing.com/pro/ideas/sqn-investors/,2022-11-02,RU
https://in.investing.com/pro/ideas/ibex-investors/,2022-11-02,IN
https://cn.investing.com/pro/ideas/pm-capital-ltd/,2022-11-02,CN
https://de.investing.com/pro/ideas/gerber-kawasaki-wealth-investment-management/,2022-11-02,DE
https://cn.investing.com/pro/ideas/aspire-private-capital/,2022-11-02,CN
https://in.investing.com/pro/ideas/endeavour-capital-advisors/,2022-11-02,IN
https://tr.investing.com/pro/ideas/armor-advisors/,2022-11-02,TR
https://de.investing.com/pro/ideas/coann-capital-llc/,2022-11-02,DE
https://tr.investing.com/pro/ideas/cas-investment-partners/,2022-11-02,TR
https://hk.investing.com/pro/ideas/olstein-capital-management/,2022-11-02,HK
https://es.investing.com/pro/ideas/sequoia-financial-advisors/,2022-11-02,ES
https://de.investing.com/pro/ideas/century-management-financial-advisors/,2022-11-02,DE
https://de.investing.com/pro/ideas/new-england-professional-planning-group/,2022-11-02,DE
https://de.investing.com/pro/ideas/twin-focus-capital-partners/,2022-11-02,DE
https://fr.investing.com/pro/ideas/merk-investments/,2022-11-02,FR
https://es.investing.com/pro/ideas/spark-growth-management-partners/,2022-11-02,ES
https://in.investing.com/pro/ideas/bell-brown-wealth-advisors/,2022-11-02,IN
https://hk.investing.com/pro/ideas/basso-capital-management/,2022-11-02,HK
https://in.investing.com/pro/ideas/cobalt-capital-management/,2022-11-02,IN
https://fr.investing.com/pro/ideas/sg3-management/,2022-11-02,FR
https://tr.investing.com/pro/ideas/rivulet-capital/,2022-11-02,TR
https://de.investing.com/pro/ideas/sand-grove-capital-management/,2022-11-02,DE
https://de.investing.com/pro/ideas/bell-brown-wealth-advisors/,2022-11-02,DE
https://fr.investing.com/pro/ideas/telos-capital-management/,2022-11-02,FR
https://de.investing.com/pro/ideas/page/155/,2022-11-02,DE
https://in.investing.com/pro/ideas/caledonia-investments/,2022-11-02,IN
https://in.investing.com/pro/ideas/granahan-investment-management,2022-11-02,IN
https://in.investing.com/pro/ideas/page/144/,2022-11-02,IN
https://de.investing.com/pro/ideas/coyle-financial-counsel/,2022-11-02,DE
https://fr.investing.com/pro/ideas/fft-wealth-management/,2022-11-02,FR
https://fr.investing.com/pro/ideas/fure-financial-corp/,2022-11-02,FR
https://in.investing.com/pro/ideas/stieven-capital-advisors/,2022-11-02,IN
https://fr.investing.com/pro/ideas/market-street-wealth-management-advisors/,2022-11-02,FR
https://in.investing.com/pro/ideas/hc-financial-advisors/,2022-11-02,IN
https://de.investing.com/pro/ideas/river-wealth-advisors/,2022-11-02,DE
https://de.investing.com/pro/ideas/spark-growth-management-partners/,2022-11-02,DE
https://hk.investing.com/pro/ideas/chai-trust-company/,2022-11-02,HK
https://fr.investing.com/pro/ideas/greenlea-lane-capital-management/,2022-11-02,FR
https://fr.investing.com/pro/ideas/garnet-equity-capital-holdings/,2022-11-02,FR
https://in.investing.com/pro/ideas/versant-venture-management/,2022-11-02,IN
https://de.investing.com/pro/ideas/arosa-capital-management/,2022-11-02,DE
https://hk.investing.com/pro/ideas/page/152/,2022-11-02,HK
https://de.investing.com/pro/ideas/toews-corp/,2022-11-02,DE
https://de.investing.com/pro/ideas/hudson-valley-investment-advisors/,2022-11-02,DE
https://cn.investing.com/pro/ideas/insight-holdings-group/,2022-11-02,CN
https://de.investing.com/pro/ideas/gamble-jones-investment-counsel/,2022-11-02,DE
https://ru.investing.com/pro/ideas/altarock-partners/,2022-11-02,RU
https://ru.investing.com/pro/ideas/holocene-advisors/,2022-11-02,RU
https://in.investing.com/pro/ideas/phoenician-capital/,2022-11-02,IN
https://de.investing.com/pro/ideas/page/127/,2022-11-02,DE
https://es.investing.com/pro/ideas/lafitte-capital-management/,2022-11-02,ES
https://tr.investing.com/pro/ideas/simmons-l-e-associates/,2022-11-02,TR
https://in.investing.com/pro/ideas/dakota-wealth/,2022-11-02,IN
https://in.investing.com/pro/ideas/serengeti-asset-management/,2022-11-02,IN
https://in.investing.com/pro/ideas/cannell-capital/,2022-11-02,IN
https://tr.investing.com/pro/ideas/bridgecreek-investment-management/,2022-11-02,TR
https://de.investing.com/pro/ideas/condor-capital-wealth-management/,2022-11-02,DE
https://tr.investing.com/pro/ideas/masters-capital-management/,2022-11-02,TR
https://in.investing.com/pro/ideas/atalan-capital-partners/,2022-11-02,IN
https://tr.investing.com/pro/ideas/burgundy-asset-management-ltd/,2022-11-02,TR
https://in.investing.com/pro/ideas/penobscot-investment-management-company/,2022-11-02,IN
https://de.investing.com/pro/ideas/shanda-asset-management-holdings-ltd/,2022-11-02,DE
https://in.investing.com/pro/ideas/oaktop-capital-management-ii-l-p/,2022-11-02,IN
https://tr.investing.com/pro/ideas/rehmann-financial/,2022-11-02,TR
https://fr.investing.com/pro/ideas/arabesque-asset-management-ltd/,2022-11-02,FR
https://cn.investing.com/pro/ideas/page/149/,2022-11-02,CN
https://in.investing.com/pro/ideas/kennedy-capital-management/,2022-11-02,IN
https://cn.investing.com/pro/ideas/12-west-capital-management/,2022-11-02,CN
https://cn.investing.com/pro/ideas/artisan-partners-limited-partnership/,2022-11-02,CN
https://de.investing.com/pro/ideas/fountaincap-research-investment-hong-kong-company-ltd/,2022-11-02,DE
https://cn.investing.com/pro/ideas/dillon-associates/,2022-11-02,CN
https://in.investing.com/pro/ideas/lionstone-capital-management/,2022-11-02,IN
https://hk.investing.com/pro/ideas/lee-danner-bass/,2022-11-02,HK
https://hk.investing.com/pro/ideas/fft-wealth-management/,2022-11-02,HK
https://in.investing.com/pro/ideas/deep-field-asset-management/,2022-11-02,IN
https://cn.investing.com/pro/ideas/broad-peak-investment-management-ltd/,2022-11-02,CN
https://de.investing.com/pro/ideas/hhm-wealth-advisors/,2022-11-02,DE
https://in.investing.com/pro/ideas/first-united-bank-trust,2022-11-02,IN
https://in.investing.com/pro/ideas/ark-investment-management/,2022-11-02,IN
https://tr.investing.com/pro/ideas/drh-investments/,2022-11-02,TR
https://tr.investing.com/pro/ideas/lionstone-capital-management/,2022-11-02,TR
https://in.investing.com/pro/ideas/mufg-americas-holdings-corp/,2022-11-02,IN
https://de.investing.com/pro/ideas/rational-advisors/,2022-11-02,DE
https://in.investing.com/pro/ideas/telos-capital-management/,2022-11-02,IN
https://de.investing.com/pro/ideas/selkirk-management/,2022-11-02,DE
https://cn.investing.com/pro/ideas/tortoise-index-solutions/,2022-11-02,CN
https://in.investing.com/pro/ideas/clark-capital-management-group/,2022-11-02,IN
https://de.investing.com/pro/ideas/murphy-capital-management/,2022-11-02,DE
https://de.investing.com/pro/ideas/h-h-international-investment/,2022-11-02,DE
https://cn.investing.com/pro/ideas/maso-capital-partners-ltd/,2022-11-02,CN
https://cn.investing.com/pro/ideas/compton-capital-management/,2022-11-02,CN
https://cn.investing.com/pro/ideas/teamwork-financial-advisors/,2022-11-02,CN
https://cn.investing.com/pro/ideas/pictet-north-america-advisors-sa/,2022-11-02,CN
https://cn.investing.com/pro/ideas/investmentaktiengesellschaft-fuer-langfristige-investoren-tgv/,2022-11-02,CN
https://in.investing.com/pro/ideas/a-n-culbertson-company,2022-11-02,IN
https://cn.investing.com/pro/ideas/sand-grove-capital-management/,2022-11-02,CN
https://in.investing.com/pro/ideas/southpoint-capital-advisors/,2022-11-02,IN
https://cn.investing.com/pro/ideas/deprince-race-zollo/,2022-11-02,CN
https://cn.investing.com/pro/ideas/drh-investments/,2022-11-02,CN
https://in.investing.com/pro/ideas/sabby-management/,2022-11-02,IN
https://hk.investing.com/pro/ideas/tairen-capital-ltd/,2022-11-02,HK
https://in.investing.com/pro/ideas/barings/,2022-11-02,IN
https://cn.investing.com/pro/ideas/equitable-trust-company/,2022-11-02,CN
https://tr.investing.com/pro/ideas/sabby-management/,2022-11-02,TR
https://uk.investing.com/pro/ideas/viewpoint-investment-partners-corp/,2022-11-02,UK
https://ru.investing.com/pro/ideas/northwood-liquid-management/,2022-11-02,RU
https://cn.investing.com/pro/ideas/intrust-bank-na/,2022-11-02,CN
https://de.investing.com/pro/ideas/tower-view-investment-management-research/,2022-11-02,DE
https://tr.investing.com/pro/ideas/maso-capital-partners-ltd/,2022-11-02,TR
https://de.investing.com/pro/ideas/ackerman-capital-advisors/,2022-11-02,DE
https://in.investing.com/pro/ideas/lvz-advisors/,2022-11-02,IN
https://cn.investing.com/pro/ideas/coyle-financial-counsel/,2022-11-02,CN
https://cn.investing.com/pro/ideas/lionstone-capital-management/,2022-11-02,CN
https://in.investing.com/pro/ideas/page/65/,2022-11-02,IN
https://tr.investing.com/pro/ideas/hillman-company/,2022-11-02,TR
https://de.investing.com/pro/ideas/exor-investments-uk/,2022-11-02,DE
https://in.investing.com/pro/ideas/brown-university,2022-11-02,IN
https://ru.investing.com/pro/ideas/comerica-securities/,2022-11-02,RU
https://it.investing.com/pro/ideas/menlo-advisors/,2022-11-02,IT
https://in.investing.com/pro/ideas/summit-rock-advisors/,2022-11-02,IN
https://de.investing.com/pro/ideas/compton-wealth-advisory-group/,2022-11-02,DE
https://de.investing.com/pro/ideas/arbor-investment-advisors/,2022-11-02,DE
https://tr.investing.com/pro/ideas/guardian-point-capital/,2022-11-02,TR
https://de.investing.com/pro/ideas/regal-wealth-group/,2022-11-02,DE
https://ru.investing.com/pro/ideas/ldr-capital-management/,2022-11-02,RU
https://in.investing.com/pro/ideas/impala-asset-management/,2022-11-02,IN
https://de.investing.com/pro/ideas/marino-stram-associates/,2022-11-02,DE
https://in.investing.com/pro/ideas/american-money-management/,2022-11-02,IN
https://in.investing.com/pro/ideas/samsara-biocapital/,2022-11-02,IN
https://in.investing.com/pro/ideas/awh-capital/,2022-11-02,IN
https://in.investing.com/pro/ideas/mark-asset-management,2022-11-02,IN
https://tr.investing.com/pro/ideas/interval-partners/,2022-11-02,TR
https://hk.investing.com/pro/ideas/aviva-holdings-ltd/,2022-11-02,HK
https://in.investing.com/pro/ideas/harber-asset-management,2022-11-02,IN